{"name":"2be0a503-4123-469c-a77d-78ac34b7ff7e","id":"/providers/Microsoft.Flow/flows/2be0a503-4123-469c-a77d-78ac34b7ff7e","type":"Microsoft.Flow/flows","properties":{"apiId":"/providers/Microsoft.PowerApps/apis/shared_logicflows","displayName":"Availabililty","definition":{"metadata":{"workflowEntityId":null,"processAdvisorMetadata":null,"flowChargedByPaygo":null,"flowclientsuspensionreason":"None","flowclientsuspensiontime":null,"flowclientsuspensionreasondetails":null,"creator":{"id":"4fb9d4bd-22c5-4672-b2db-c9c6f8519cef","type":"User","tenantId":"b470bf64-3861-447a-b51c-ec8b1c160194"},"provisioningMethod":"FromDefinition","failureAlertSubscription":true,"clientLastModifiedTime":"2025-06-25T12:17:03.4198632Z","connectionKeySavedTimeKey":"2025-06-25T12:17:03.4198632Z","creationSource":"Portal","modifiedSources":"Portal"},"$schema":"https://schema.management.azure.com/providers/Microsoft.Logic/schemas/2016-06-01/workflowdefinition.json#","contentVersion":"undefined","parameters":{"$authentication":{"defaultValue":{},"type":"SecureObject"},"$connections":{"defaultValue":{},"type":"Object"}},"triggers":{"Recurrence":{"recurrence":{"frequency":"Week","interval":"1","startTime":"2025-06-05T03:30:00.000Z","schedule":{"weekDays":["Monday","Tuesday","Wednesday","Thursday","Friday"],"hours":["9"]},"timeZone":"India Standard Time"},"type":"Recurrence"}},"actions":{"List_rows_present_in_a_table":{"runAfter":{},"metadata":{"017NLNUAZMM75I22ALKJAI7U7Z7P7SIOJR":"/INNOVATEIT LABS.xlsx","017NLNUA6W6KFJON6O2BD2IFCA26TDY76Y":"/InternList.xlsx","tableId":"{6A439F19-C002-46E4-BBA7-2ED1AB0606D6}"},"type":"OpenApiConnection","inputs":{"parameters":{"source":"me","drive":"b!k1D_lKWUlUGr7_b-5c1DyMEZrczMrJlKrfX_i42yAy1Z9xQmJM6JQIkvCbJqfYvj","file":"InternList.xlsx","table":"{6A439F19-C002-46E4-BBA7-2ED1AB0606D6}"},"host":{"apiId":"/providers/Microsoft.PowerApps/apis/shared_excelonlinebusiness","connectionName":"shared_excelonlinebusiness","operationId":"GetItems"},"authentication":"@parameters('$authentication')"}},"Apply_to_each":{"foreach":"@outputs('List_rows_present_in_a_table')?['body/value']","actions":{"Post_adaptive_card_and_wait_for_a_response":{"type":"OpenApiConnectionWebhook","inputs":{"parameters":{"poster":"Flow bot","location":"Chat with Flow bot","body/body/messageBody":"{\n  \"type\": \"AdaptiveCard\",\n  \"$schema\": \"http://adaptivecards.io/schemas/adaptive-card.json\",\n  \"version\": \"1.2\",\n  \"body\": [\n    {\n      \"type\": \"TextBlock\",\n      \"text\": \"Hi @{items('Apply_to_each')?['Name']}, Are you available today?\",\n      \"wrap\": true,\n      \"weight\": \"Bolder\",\n      \"size\": \"Medium\"\n    },\n    {\n      \"type\": \"Input.ChoiceSet\",\n      \"id\": \"availability\",\n      \"style\": \"expanded\",\n      \"isRequired\": true,\n      \"choices\": [\n        {\n          \"title\": \"Yes\",\n          \"value\": \"Yes\"\n        },\n        {\n          \"title\": \"No\",\n          \"value\": \"No\"\n        }\n      ]\n    }\n  ],\n  \"actions\": [\n    {\n      \"type\": \"Action.Submit\",\n      \"title\": \"Submit\",\n      \"data\": {\n        \"submitLocation\": \"availability\"\n      }\n    }\n  ]\n}\n","body/body/updateMessage":"Thanks for your response!","body/body/recipient/to":"@items('Apply_to_each')?['Email']","body/body/recipient/isAlert":true},"host":{"apiId":"/providers/Microsoft.PowerApps/apis/shared_teams","connectionName":"shared_teams","operationId":"PostCardAndWaitForResponse"},"authentication":"@parameters('$authentication')"}},"Add_a_row_into_a_table":{"runAfter":{"Post_adaptive_card_and_wait_for_a_response":["Succeeded"]},"metadata":{"017NLNUAZMM75I22ALKJAI7U7Z7P7SIOJR":"/INNOVATEIT LABS.xlsx","tableId":"{76640908-D33B-4ED1-96DA-6FD9BD336E44}"},"type":"OpenApiConnection","inputs":{"parameters":{"source":"me","drive":"b!k1D_lKWUlUGr7_b-5c1DyMEZrczMrJlKrfX_i42yAy1Z9xQmJM6JQIkvCbJqfYvj","file":"017NLNUAZMM75I22ALKJAI7U7Z7P7SIOJR","table":"{76640908-D33B-4ED1-96DA-6FD9BD336E44}","item/Name":"@items('Apply_to_each')?['Name']","item/Email":"@items('Apply_to_each')?['Email']","item/ Availability":"@body('Post_adaptive_card_and_wait_for_a_response')?['data']?['availability']\r\n","item/Timestamp":"@formatDateTime(utcNow(), 'dd-MM-yyyy')\r\n"},"host":{"apiId":"/providers/Microsoft.PowerApps/apis/shared_excelonlinebusiness","connectionName":"shared_excelonlinebusiness","operationId":"AddRowV2"},"authentication":"@parameters('$authentication')"}}},"runAfter":{"List_rows_present_in_a_table":["Succeeded"]},"type":"Foreach","runtimeConfiguration":{"concurrency":{"repetitions":16}}}},"description":""},"connectionReferences":{"shared_excelonlinebusiness":{"connectionName":"shared-excelonlinebu-37514036-7e5f-4ad7-8eaf-d9edb4b893d8","source":"Embedded","id":"/providers/Microsoft.PowerApps/apis/shared_excelonlinebusiness","tier":"NotSpecified","apiName":"excelonlinebusiness","isProcessSimpleApiReferenceConversionAlreadyDone":false},"shared_teams":{"connectionName":"shared-teams-529fed9b-6499-44f8-b162-f7b6c76e3ba9","source":"Embedded","id":"/providers/Microsoft.PowerApps/apis/shared_teams","tier":"NotSpecified","apiName":"teams","isProcessSimpleApiReferenceConversionAlreadyDone":false}},"flowFailureAlertSubscribed":false,"isManaged":false}}